{
  "method": "CPAL",
  "avg_completeness": 0.7670800000000002,
  "avg_accuracy": 0.64864,
  "avg_clarity": 0.7319999999999958,
  "overall_avg": 0.7159066666666654,
  "num_samples": 750
}