{
  "method": "CPAL",
  "avg_completeness": 0.05049333333333332,
  "avg_accuracy": 0.044493333333333336,
  "avg_clarity": 0.05146666666666667,
  "overall_avg": 0.04881777777777777,
  "num_samples": 750
}