{
  "method": "CPAL",
  "avg_completeness": 0.7214133333333344,
  "avg_accuracy": 0.5898666666666669,
  "avg_clarity": 0.7063999999999974,
  "overall_avg": 0.6725599999999995,
  "num_samples": 750
}