{
  "method": "CPAL",
  "avg_completeness": 0.7916933333333339,
  "avg_accuracy": 0.6697733333333331,
  "avg_clarity": 0.7339999999999961,
  "overall_avg": 0.7318222222222209,
  "num_samples": 750
}