{
  "method": "CPAL",
  "avg_completeness": 0.5104533333333341,
  "avg_accuracy": 0.37688000000000044,
  "avg_clarity": 0.4728933333333325,
  "overall_avg": 0.45340888888888903,
  "num_samples": 750
}