{
  "method": "CPAL",
  "avg_completeness": 0.4630266666666672,
  "avg_accuracy": 0.2864399999999999,
  "avg_clarity": 0.3868,
  "overall_avg": 0.37875555555555573,
  "num_samples": 750
}