{
  "method": "CPAL",
  "avg_completeness": 0.7003600000000018,
  "avg_accuracy": 0.5483600000000005,
  "avg_clarity": 0.6529333333333317,
  "overall_avg": 0.6338844444444446,
  "num_samples": 750
}