{
  "method": "CPAL",
  "avg_completeness": 0.09590666666666665,
  "avg_accuracy": 0.05239999999999999,
  "avg_clarity": 0.08173333333333332,
  "overall_avg": 0.07667999999999998,
  "num_samples": 750
}