{
  "method": "CPAL",
  "avg_completeness": 0.8630666666666651,
  "avg_accuracy": 0.7766666666666664,
  "avg_clarity": 0.8210666666666622,
  "overall_avg": 0.8202666666666646,
  "num_samples": 750
}