{
  "method": "CPAL",
  "avg_completeness": 0.6996133333333344,
  "avg_accuracy": 0.546893333333334,
  "avg_clarity": 0.6871599999999962,
  "overall_avg": 0.6445555555555549,
  "num_samples": 750
}