{
  "method": "CPAL",
  "avg_completeness": 0.7689466666666666,
  "avg_accuracy": 0.6413333333333333,
  "avg_clarity": 0.7393333333333304,
  "overall_avg": 0.7165377777777767,
  "num_samples": 750
}