{
  "method": "CPAL",
  "avg_completeness": 0.5880800000000015,
  "avg_accuracy": 0.41893333333333377,
  "avg_clarity": 0.5094666666666652,
  "overall_avg": 0.5054933333333335,
  "num_samples": 750
}