{
  "method": "CPAL",
  "avg_completeness": 0.7231333333333341,
  "avg_accuracy": 0.5890666666666671,
  "avg_clarity": 0.674266666666662,
  "overall_avg": 0.6621555555555544,
  "num_samples": 750
}