{
  "method": "CLP",
  "avg_completeness": 0.6757466666666688,
  "avg_accuracy": 0.5216400000000002,
  "avg_clarity": 0.5815199999999981,
  "overall_avg": 0.5929688888888891,
  "num_samples": 750
}