{
  "method": "CPAL",
  "avg_completeness": 0.5939600000000014,
  "avg_accuracy": 0.4503066666666667,
  "avg_clarity": 0.5545333333333317,
  "overall_avg": 0.5329333333333333,
  "num_samples": 750
}